{
  "spectral_decay": {
    "min": 0.3367950601090438,
    "max": 0.6371925073033455,
    "mean": 0.45188591494498154,
    "std": 0.06656912461397237,
    "median": 0.44095925754644166,
    "q25": 0.40419732437270617,
    "q75": 0.4913359248018665
  },
  "anisotropy": {
    "min": 0.17822768072579898,
    "max": 0.5813165062877936,
    "mean": 0.3656067293507301,
    "std": 0.08881907101722179,
    "median": 0.3515884054609293,
    "q25": 0.30399080647703497,
    "q75": 0.43123940349702694
  },
  "participation_ratio": {
    "min": 0.2297317544637617,
    "max": 0.9711233916986945,
    "mean": 0.8349781329158178,
    "std": 0.15891105560274454,
    "median": 0.8864969696136149,
    "q25": 0.8040306611586019,
    "q75": 0.9394260763192459
  },
  "trajectory_directionality": {
    "min": 0.08145197521207977,
    "max": 0.8219125889401944,
    "mean": 0.3592044150561443,
    "std": 0.16295278203272842,
    "median": 0.3332421957190369,
    "q25": 0.2395569480330211,
    "q75": 0.45624564346719093
  },
  "manifold_dimensionality": {
    "min": 0.2886237242198542,
    "max": 0.9020885828128765,
    "mean": 0.6683291003242837,
    "std": 0.1355891189732445,
    "median": 0.64352739620545,
    "q25": 0.5780316188292802,
    "q75": 0.7734948459083762
  },
  "noise_resilience": {
    "min": 0.012963803760841833,
    "max": 1.0,
    "mean": 0.24110130066178764,
    "std": 0.27981153580443785,
    "median": 0.1132858823625248,
    "q25": 0.061266531360701655,
    "q75": 0.2963647272664792
  },
  "variance_pca": {
    "min": 0.06269495737090082,
    "max": 22.27170442667899,
    "mean": 4.349013152496571,
    "std": 5.117431740863419,
    "median": 2.47835861084097,
    "q25": 0.30106637798340125,
    "q75": 6.923222790093855
  },
  "variance_umap": {
    "min": 1.778636312399515,
    "max": 156.31948167270852,
    "mean": 49.19170545700314,
    "std": 40.17128123371848,
    "median": 48.00839271582976,
    "q25": 6.6060816440721615,
    "q75": 83.94452448636325
  }
}