{
  "spectral_decay": {
    "min": 0.34791732786281004,
    "max": 0.634751483299417,
    "mean": 0.4557831316482384,
    "std": 0.06333725311049875,
    "median": 0.44342242180969405,
    "q25": 0.4072633621994622,
    "q75": 0.49364636042655863
  },
  "anisotropy": {
    "min": 0.17822768072579898,
    "max": 0.5764362729980397,
    "mean": 0.36750261446860594,
    "std": 0.07720756681666008,
    "median": 0.3510613263530041,
    "q25": 0.31092064124511665,
    "q75": 0.4194702359429733
  },
  "participation_ratio": {
    "min": 0.3320223569059948,
    "max": 0.9694869369058474,
    "mean": 0.8612061530397216,
    "std": 0.10036490821700553,
    "median": 0.8847239253213418,
    "q25": 0.8119047617844121,
    "q75": 0.9350112315962157
  },
  "trajectory_directionality": {
    "min": 0.10997388999950479,
    "max": 0.805373729553127,
    "mean": 0.365537327401415,
    "std": 0.15499993770933265,
    "median": 0.33774082569610436,
    "q25": 0.24690214256821447,
    "q75": 0.45996158557416383
  },
  "manifold_dimensionality": {
    "min": 0.4619754014812211,
    "max": 0.8974019949738957,
    "mean": 0.6909741600549657,
    "std": 0.11019354731457219,
    "median": 0.6642647718376729,
    "q25": 0.6063330641329443,
    "q75": 0.7842754401175499
  },
  "noise_resilience": {
    "min": 0.016477535417951498,
    "max": 1.0,
    "mean": 0.19902588711041191,
    "std": 0.21500844660411939,
    "median": 0.10985483588536245,
    "q25": 0.06324891442470577,
    "q75": 0.2361252539993255
  },
  "variance_pca": {
    "min": 0.0879969569269671,
    "max": 22.867710019463676,
    "mean": 6.840277112857861,
    "std": 5.157224709966821,
    "median": 6.008483702060497,
    "q25": 2.7028473807513684,
    "q75": 10.215711515239073
  },
  "variance_umap": {
    "min": 3.1955177144363347,
    "max": 147.78391335949112,
    "mean": 72.1265637552985,
    "std": 30.896753542578104,
    "median": 76.33481755134986,
    "q25": 50.64445278794143,
    "q75": 95.27364876606082
  }
}