{
  "spectral_decay": {
    "min": 0.34108934190838086,
    "max": 0.6335723170758604,
    "mean": 0.4508398921665804,
    "std": 0.07699676450554509,
    "median": 0.43741865504675753,
    "q25": 0.38807282073039157,
    "q75": 0.5004829926064475
  },
  "anisotropy": {
    "min": 0.1773938059667836,
    "max": 0.5807985618407331,
    "mean": 0.35618698578172503,
    "std": 0.10679813534550758,
    "median": 0.33667219146985317,
    "q25": 0.27340201373259876,
    "q75": 0.4336444579656201
  },
  "participation_ratio": {
    "min": 0.2640118581382397,
    "max": 0.9706825390774458,
    "mean": 0.7825521851931542,
    "std": 0.20783435954858495,
    "median": 0.8791976047092522,
    "q25": 0.6970942180097225,
    "q75": 0.9417650206912909
  },
  "trajectory_directionality": {
    "min": 0.09137766559293652,
    "max": 0.8126876705101358,
    "mean": 0.36241784846653313,
    "std": 0.18939475150534785,
    "median": 0.33112891942001504,
    "q25": 0.20721613000554168,
    "q75": 0.48603202862694583
  },
  "manifold_dimensionality": {
    "min": 0.29207695866150285,
    "max": 0.9020427483001655,
    "mean": 0.6142667447568441,
    "std": 0.16284982894248848,
    "median": 0.5780403023304097,
    "q25": 0.5030327954770493,
    "q75": 0.7262565053246894
  },
  "noise_resilience": {
    "min": 0.013909831535565496,
    "max": 1.0,
    "mean": 0.26455856311655523,
    "std": 0.3243454878631239,
    "median": 0.10801234645114648,
    "q25": 0.038101986509766185,
    "q75": 0.34631835177293485
  },
  "variance_pca": {
    "min": 0.06833209651429847,
    "max": 0.46822270756091944,
    "mean": 0.19366266136643068,
    "std": 0.1521206547803246,
    "median": 0.0985016485926333,
    "q25": 0.08034542269268846,
    "q75": 0.371435072986948
  },
  "variance_umap": {
    "min": 1.9077875103493116,
    "max": 123.58237097304242,
    "mean": 22.917109261133252,
    "std": 30.70782692119685,
    "median": 6.985310984896716,
    "q25": 4.073564376337407,
    "q75": 29.413350341773175
  }
}